date,unix,open,high,low,close,Volume BTC,Volume USD
2020-01-01,1577880000.0,7195.544405837388,7197.78041695622,7193.5475469075745,7195.470597637248,0.7738763044961778,5568.05647612988
2020-01-02,1577966370.0,7072.444243055556,7075.311576388889,7069.474138888889,7072.4356875,2.7588249682430552,19391.922772736194
2020-01-03,1578052770.0,7217.387965277778,7221.728930555556,7213.3363125,7217.607402777778,5.6060618663125,40536.64525504326
2020-01-04,1578139170.0,7321.569263888889,7324.1544791666665,7318.995472222223,7321.5106875,2.2616231621458334,16544.766783758532
2020-01-05,1578225570.0,7429.922041666667,7432.580777777778,7427.370173611112,7429.768534722222,1.8800512885347223,13962.848189562432
2020-01-06,1578311970.0,7532.939645833333,7536.96598611111,7529.5088749999995,7533.281097222221,4.672418596048611,35510.65740733722
2020-01-07,1578398370.0,7928.9740763888885,7935.058409722222,7923.703361111111,7929.370680555555,8.443279730819444,66919.29244974347
2020-01-08,1578484770.0,8235.129013888889,8242.104715277777,8228.576625,8235.337180555554,8.273078112444445,68004.01881466388
2020-01-09,1578571170.0,7898.144874999999,7902.779506944445,7893.945340277777,7898.300930555555,4.1369751665138885,32650.959264552486
2020-01-10,1578657570.0,7887.503145833333,7892.934347222223,7882.194548611112,7887.638333333332,6.249991845048611,49654.31280531082
2020-01-11,1578743970.0,8112.952687499999,8117.133097222222,8108.9841875,8112.917541666667,2.6307828566666664,21365.794456153144
2020-01-12,1578830370.0,8110.869131944445,8114.341284722222,8107.994034722223,8110.954194444444,1.4278380233958334,11577.001439385887
2020-01-13,1578916770.0,8102.115826388888,8105.290659722223,8098.947430555556,8102.120305555556,2.78572159475,22562.60635955546
2020-01-14,1579003170.0,8573.86136111111,8581.4541875,8567.114777777777,8574.334854166666,11.812105509597222,101547.40442258547
2020-01-15,1579089570.0,8743.047381944445,8749.501965277777,8737.056493055556,8743.136027777779,5.977002360666667,52363.308786625515
2020-01-16,1579175970.0,8673.441333333332,8678.901090277777,8668.648472222223,8673.136152777779,4.661811441944445,40363.55693681446
2020-01-17,1579262370.0,8851.768819444444,8858.805243055556,8846.009659722222,8852.227479166668,6.502177169972222,57774.278158921115
2020-01-18,1579348770.0,8891.187229166666,8895.9636875,8886.831395833335,8890.9120625,2.5541731014930553,22718.109125320254
2020-01-19,1579435170.0,8846.751979166667,8852.363229166667,8841.619715277779,8847.03917361111,6.10100689375,53553.02026974969
2020-01-20,1579521570.0,8644.177305555555,8648.285138888888,8640.270756944445,8644.113159722221,3.069582119576389,26511.569143390494
2020-01-21,1579607970.0,8645.4553125,8649.54101388889,8642.026243055556,8645.579763888889,2.3574230278124997,20355.180706702526
2020-01-22,1579694370.0,8665.161284722222,8668.557868055555,8662.160361111111,8665.420555555555,2.1832028634097225,18907.976322219238
2020-01-23,1579780770.0,8435.917298611112,8440.147569444445,8431.593347222222,8435.952659722223,5.9798686025,50304.66810373803
2020-01-24,1579867170.0,8382.822875,8387.344097222222,8378.999506944443,8383.221666666666,4.465576550875,37394.36950810958
2020-01-25,1579953570.0,8320.645243055556,8325.186597222222,8316.904375,8320.78567361111,1.953326355666667,16268.361379473929
2020-01-26,1580039970.0,8428.812340277778,8433.12488888889,8425.080527777778,8428.663263888888,4.403184566520833,37124.17509397996
2020-01-27,1580126370.0,8722.290909722222,8728.26945138889,8717.224986111112,8722.28711111111,6.680399126805556,58627.67133067723
2020-01-28,1580212770.0,9040.525791666667,9048.31445138889,9034.490375000001,9041.031381944444,6.6427495521875,60408.34410112427
2020-01-29,1580299170.0,9330.242159722224,9336.964777777777,9324.004159722223,9330.04275,4.501330518076388,42025.92573197381
2020-01-30,1580385570.0,9369.466777777778,9376.808215277777,9363.687326388888,9369.684201388889,5.517471374263889,51834.943094069145
2020-01-31,1580471970.0,9341.475534722222,9347.843805555556,9335.805090277778,9341.253909722223,3.478904379826389,32480.27225997657
2020-02-01,1580558370.0,9371.496298611111,9377.013090277778,9367.209006944446,9371.398569444444,1.1590294877916667,10865.404358339803
2020-02-02,1580644770.0,9376.004381944445,9382.439277777778,9370.842805555556,9375.739361111111,2.0942997142986113,19559.85996736879
2020-02-03,1580731170.0,9328.921805555556,9335.6675,9323.895611111111,9329.29023611111,3.3042593780624996,30923.984665727614
2020-02-04,1580817570.0,9201.90770138889,9208.40129861111,9196.948027777778,9202.141208333333,3.380017679729167,31097.554877284696
2020-02-05,1580903970.0,9401.323881944445,9408.177340277778,9396.03404861111,9400.9663125,5.599977734916667,53126.06263209773
2020-02-06,1580990370.0,9687.450381944445,9695.675847222223,9681.624743055556,9687.489340277778,5.246172690756945,50962.02106344663
2020-02-07,1581076770.0,9774.838555555556,9781.961756944444,9770.340999999999,9775.785979166667,2.787146505076389,27267.620606569635
2020-02-08,1581163170.0,9811.599923611111,9817.624347222223,9807.830666666667,9812.206222222223,2.2699552409374997,22262.10452923044
2020-02-09,1581249570.0,10079.583152777777,10085.899909722222,10075.0826875,10079.68473611111,3.354401303743056,33752.017479895796
2020-02-10,1581335970.0,9921.348138888889,9928.406833333333,9915.559027777777,9920.902277777777,5.250463813083333,52037.2616063188
2020-02-11,1581422370.0,9956.3116875,9963.591993055556,9950.8704375,9956.3916875,5.6441641408541665,56809.099879745954
2020-02-12,1581508770.0,10342.722916666668,10350.00575,10337.043944444444,10342.781875,4.5509787688125005,47079.39822333664
2020-02-13,1581595170.0,10284.42704861111,10293.61879861111,10277.623555555556,10284.806888888888,6.4912856137083335,66640.84454835409
2020-02-14,1581681570.0,10260.131868055556,10268.148451388888,10254.924118055556,10260.132270833334,4.298873257194444,44064.38176010593
2020-02-15,1581767970.0,10142.723118055555,10149.204222222223,10137.2225,10143.196673611112,4.0016016283402775,40220.81701980364
2020-02-16,1581854370.0,9903.501,9911.751569444445,9898.214097222222,9903.582215277778,2.8704699653750003,28318.09906216146
2020-02-17,1581940770.0,9718.862194444444,9727.651749999999,9711.722076388889,9718.714847222223,4.1063923093819445,39763.86849273092
2020-02-18,1582027170.0,9844.464638888889,9852.834270833333,9838.014604166667,9844.985881944445,4.690523570159722,46630.47755758133
2020-02-19,1582113570.0,10098.174097222221,10105.414576388888,10091.22763888889,10098.323409722223,6.900569917638889,68589.04346929565
2020-02-20,1582199970.0,9580.485729166667,9587.769645833332,9574.504215277779,9581.628520833334,4.589229916111111,43934.75298382038
2020-02-21,1582286370.0,9687.957201388888,9694.720888888889,9683.27661111111,9688.952222222222,2.966299127034722,28752.858059176488
2020-02-22,1582372770.0,9659.429819444444,9663.45,9656.527034722221,9659.62311111111,1.455946899951389,14064.208905239399
2020-02-23,1582459170.0,9868.603625,9873.810402777777,9864.787722222223,9868.751423611111,2.311961344777778,22868.611395802985
2020-02-24,1582545570.0,9733.387305555556,9740.955854166667,9727.532631944445,9734.371027777777,4.081255352576389,39673.02483890362
2020-02-25,1582631970.0,9488.810715277777,9496.052840277778,9482.903180555555,9489.207041666667,4.361113163493055,41230.34663300168
2020-02-26,1582718370.0,9032.773895833334,9040.710409722222,9025.06595138889,9032.847895833334,8.030693016534723,72089.24969980268
2020-02-27,1582804770.0,8795.016423611112,8802.25807638889,8788.212465277777,8795.391493055555,6.4402108775,56609.66698990644
2020-02-28,1582891170.0,8697.248645833333,8704.976909722222,8690.83851388889,8697.951965277778,4.546514741423611,39302.37241751367
2020-02-29,1582977570.0,8685.443388888889,8690.390902777777,8681.158993055555,8685.84186111111,1.6236582336319445,14087.884066490285
2020-03-01,1583063970.0,8556.83157638889,8562.556722222222,8551.665645833333,8557.454770833332,2.8865081523125,24665.189053214046
2020-03-02,1583150370.0,8746.719,8752.039340277777,8741.71361111111,8746.592541666667,4.296431173118056,37739.72338574717
2020-03-03,1583236770.0,8790.431506944444,8795.952006944444,8785.272375,8790.048645833334,3.215258532020833,28235.735765412483
2020-03-04,1583323170.0,8760.614479166667,8765.141534722223,8756.33463888889,8760.354104166667,2.3286336960416665,20375.848245739104
2020-03-05,1583409570.0,9018.660569444444,9023.778118055556,9014.43998611111,9019.083923611111,4.478253939833333,40465.391306682286
2020-03-06,1583495970.0,9097.25673611111,9101.41276388889,9093.666402777777,9097.337270833334,2.8725162460347224,26141.163604022404
2020-03-07,1583582370.0,9053.566805555554,9057.382333333333,9049.815993055556,9053.449645833334,1.9483274801388888,17615.61703260763
2020-03-08,1583668770.0,8570.309256944445,8575.397874999999,8564.314569444445,8569.642069444444,6.297840556916666,52870.92286740044
2020-03-09,1583755170.0,7881.320604166666,7889.604506944444,7873.723930555556,7881.430569444444,8.456523785368056,66577.1363455935
2020-03-10,1583841570.0,7947.061041666667,7953.180958333333,7941.668277777778,7947.4025624999995,5.7464956647916665,45645.507896248346
2020-03-11,1583927970.0,7849.535520833334,7855.232361111111,7844.282840277777,7849.347631944444,5.0622301755625,39492.90031928885
2020-03-12,1584014370.0,6668.844173611111,6684.516298611112,6650.317368055556,6666.839097222222,40.6342980479375,250126.9121707517
2020-03-13,1584100770.0,5295.364479166667,5317.058493055556,5270.728486111111,5295.3433125,37.79141759411806,197418.6120825325
2020-03-14,1584187170.0,5410.848888888889,5418.987361111111,5401.661854166667,5410.279194444444,10.674213992777778,57565.724101062624
2020-03-15,1584273570.0,5299.736201388889,5305.957222222222,5293.558986111111,5299.794006944445,11.52034990540278,62326.047131727944
2020-03-16,1584359970.0,4988.501416666667,4999.495520833333,4976.626965277778,4987.489395833333,24.239905276173612,118189.88814974442
2020-03-17,1584446370.0,5313.425,5321.055347222223,5305.998055555556,5313.401993055556,12.165168347562501,64668.19573799717
2020-03-18,1584532770.0,5286.391020833334,5292.908326388889,5279.772347222222,5286.608881944445,15.666132728493055,82352.74070550149
2020-03-19,1584619170.0,5759.286930555555,5767.007055555556,5751.596118055556,5759.599625,17.210926995590277,101546.99138560597
2020-03-20,1584705570.0,6361.079368055555,6371.140895833334,6350.5095763888885,6360.7709791666675,20.890626723972222,134353.03290028597
2020-03-21,1584791970.0,6169.1586875,6175.544194444445,6162.701520833333,6169.166812500001,8.192171228381945,50411.24861805753
2020-03-22,1584878370.0,6139.651909722223,6145.484486111111,6133.192527777778,6139.138958333333,7.509294839631944,45322.77464216488
2020-03-23,1584964770.0,6105.259965277777,6113.149451388889,6097.936027777779,6105.484694444445,13.231808725034721,82231.55147319207
2020-03-24,1585051170.0,6652.979215277778,6660.766409722223,6645.333791666667,6652.993840277778,13.693815294541666,91213.46875585966
2020-03-25,1585137570.0,6661.804263888889,6668.506611111111,6655.252368055556,6661.9567847222215,11.580371611784722,77391.43198123558
2020-03-26,1585223970.0,6671.884631944444,6676.432534722222,6667.618305555555,6671.944368055556,5.134518912256945,34228.59586950556
2020-03-27,1585310370.0,6691.8195,6695.897479166666,6687.389319444444,6691.747249999999,7.511309420166667,49940.40639350265
2020-03-28,1585396770.0,6227.587743055556,6232.429798611111,6222.494888888889,6227.5995555555555,8.064926376138889,50113.33413841973
2020-03-29,1585483170.0,6106.922326388889,6109.988138888889,6102.9979791666665,6106.268381944445,6.457596563263889,39066.486863621045
2020-03-30,1585569570.0,6272.4733472222215,6277.553256944444,6267.787125000001,6272.458326388889,10.398919557638889,65685.44516446756
2020-03-31,1585655970.0,6451.547881944444,6455.044826388889,6447.823798611111,6451.124277777779,4.404373837854167,28393.054561898036
2020-04-01,1585742370.0,6308.112263888889,6311.969402777778,6304.130763888889,6308.061152777778,7.860519401493055,49974.34422128842
2020-04-02,1585828770.0,6723.343173611111,6729.212541666667,6717.675020833333,6723.470965277777,11.953347689798612,81529.29022259911
2020-04-03,1585915170.0,6813.93017361111,6818.564437499999,6808.741388888889,6813.681118055556,7.340351668298611,50252.91640528477
2020-04-04,1586001570.0,6772.315145833334,6775.967284722223,6768.839173611112,6772.340819444444,4.179524744673611,28433.90641167035
2020-04-05,1586087970.0,6796.421784722222,6799.2148263888885,6793.672076388888,6796.4444375,2.7652617528958334,18770.801697453444
2020-04-06,1586174370.0,7089.780909722222,7094.997069444444,7084.892652777778,7090.139902777779,9.502109648722222,67647.63421137762
2020-04-07,1586260770.0,7317.739138888888,7322.629034722223,7312.627847222222,7317.669166666667,8.10348212863889,59172.96904009433
2020-04-08,1586347170.0,7302.099097222222,7306.056777777778,7297.623423611111,7301.731090277777,6.055701736451389,44245.866339791195
2020-04-09,1586433570.0,7304.99179861111,7308.238326388889,7301.436972222223,7304.987888888889,5.781195675486111,42174.42390787369
2020-04-10,1586519970.0,6976.609888888889,6980.134451388889,6972.142791666666,6976.298152777777,7.449907539000001,51693.205219202355
2020-04-11,1586606370.0,6871.729645833333,6873.897993055555,6869.3500138888885,6871.621069444444,2.310190807034722,15859.12302487996
2020-04-12,1586692770.0,6947.695305555556,6950.070423611111,6945.047076388888,6947.5256597222215,5.044805055854167,35455.11198913488
2020-04-13,1586779170.0,6751.412645833334,6755.530930555555,6747.376895833334,6751.618111111111,7.526093425159723,50720.64939090129
2020-04-14,1586865570.0,6884.529618055556,6887.639118055556,6881.101312500001,6884.495395833333,5.052560120708334,34767.201598628926
2020-04-15,1586951970.0,6801.876034722222,6804.535958333333,6798.897875,6801.805451388888,5.631758571208334,38142.02640281796
2020-04-16,1587038370.0,6911.867909722221,6917.0914375,6907.123076388889,6912.162368055556,10.921316926229167,76039.36647802782
2020-04-17,1587124770.0,7072.064895833333,7075.080333333333,7069.129965277778,7072.331944444444,5.930290521430556,41939.263027801644
2020-04-18,1587211170.0,7152.3640000000005,7154.926874999999,7150.269381944445,7152.629763888888,3.5434045968888888,25418.93631264015
2020-04-19,1587297570.0,7167.865173611111,7170.174138888889,7165.526097222222,7167.93151388889,3.237633397527778,23185.02087331389
2020-04-20,1587383970.0,7052.468979166667,7056.322479166666,7048.561520833333,7052.486319444445,7.892367581708333,55130.52567632159
2020-04-21,1587470370.0,6867.501875,6870.183479166667,6864.7152986111105,6867.569777777778,3.8687195766875,26543.459712266398
2020-04-22,1587556770.0,7000.263291666667,7002.681951388889,6997.971076388889,7000.4274652777785,4.356532163159722,30730.28303719915
2020-04-23,1587643170.0,7293.690861111111,7297.855409722221,7290.1130416666665,7294.040555555556,10.263575099680555,75980.04615282964
2020-04-24,1587729570.0,7521.3367638888885,7524.491930555556,7518.441958333333,7521.6189722222225,5.109101879729167,38456.25594120571
2020-04-25,1587815970.0,7544.6069166666675,7546.669104166666,7542.3978263888885,7544.499277777779,2.639463701638889,19960.011665119477
2020-04-26,1587902370.0,7600.546006944444,7603.329555555556,7597.422493055556,7600.132923611111,3.644125568104166,27741.742017105433
2020-04-27,1587988770.0,7715.637520833333,7719.203625,7711.803083333333,7715.588263888889,4.776404540194444,36849.37056649832
2020-04-28,1588075170.0,7730.732291666666,7733.179916666667,7727.881201388888,7730.8248125,5.033997201041666,38868.113126933626
2020-04-29,1588161570.0,8244.218305555554,8251.934131944445,8237.068159722223,8244.948270833333,18.33062302554861,152685.00149222877
2020-04-30,1588247970.0,8894.935340277778,8904.821854166667,8883.3360625,8894.666194444444,16.706763427256945,149157.80436341165
2020-05-01,1588334370.0,8783.966118055556,8789.611972222223,8777.936506944445,8783.999208333333,7.9025595430625,69627.8704468084
2020-05-02,1588420770.0,8872.683284722221,8876.6106875,8868.795541666666,8872.733208333333,3.8362965734166665,34150.98019713641
2020-05-03,1588507170.0,8979.789965277778,8985.426479166666,8974.410930555556,8980.130395833334,6.401579797916667,57589.0886503109
2020-05-04,1588593570.0,8772.025069444444,8777.520416666666,8766.723062500001,8772.431708333334,6.957621526993056,61027.02788402785
2020-05-05,1588679970.0,8930.518326388888,8935.726069444443,8925.455784722222,8930.76223611111,6.661204487680556,59493.91721970713
2020-05-06,1588766370.0,9162.408006944444,9167.973284722222,9156.545020833333,9162.092812500001,10.493709592562501,96617.37516901092
2020-05-07,1588852770.0,9490.121909722222,9497.698895833333,9482.84720138889,9490.68045138889,17.370069661131943,167598.15570714633
2020-05-08,1588939170.0,9925.018236111111,9930.949555555555,9918.361854166667,9925.16376388889,13.335752635145834,132248.46004782539
2020-05-09,1589025570.0,9727.241909722223,9732.895895833333,9721.36925,9727.4529375,7.832384524395833,76054.9804815653
2020-05-10,1589111970.0,8688.190090277778,8698.383215277778,8676.722541666668,8687.4155625,21.971825516256946,190665.8054838613
2020-05-11,1589198370.0,8707.187993055557,8717.22645138889,8696.153194444445,8707.084965277778,23.93415734184722,207820.2396693523
2020-05-12,1589284770.0,8773.964493055555,8780.085645833333,8767.645965277778,8773.929020833333,9.729348059375,85500.4315708354
2020-05-13,1589371170.0,9044.735368055555,9050.72932638889,9039.383340277778,9045.178930555556,8.863091400569445,80607.90282539504
2020-05-14,1589457570.0,9576.290381944445,9584.020013888889,9568.999083333332,9576.713597222222,13.844573233062501,133765.33368512322
2020-05-15,1589543970.0,9523.675763888888,9531.29025,9515.650458333334,9523.970229166667,12.030655973222222,114221.32689949997
2020-05-16,1589630370.0,9402.915381944445,9407.95736111111,9398.298625,9403.12320138889,4.284788956381945,40332.16312500497
2020-05-17,1589716770.0,9623.737465277778,9628.953583333334,9619.263604166666,9623.957902777778,6.608189986256945,64112.58053393868
2020-05-18,1589803170.0,9721.191027777777,9727.399381944444,9715.166680555556,9721.685520833333,8.584949748770834,83550.90852661555
2020-05-19,1589889570.0,9669.911972222222,9675.734215277778,9664.018222222223,9670.0288125,8.437281492479167,81680.36581327424
2020-05-20,1589975970.0,9672.159784722222,9677.26554861111,9666.408319444445,9672.188270833332,8.577380678479168,82268.5077174066
2020-05-21,1590062370.0,9280.675076388889,9286.78313888889,9273.802097222222,9280.534645833333,11.72210340825,107462.1409154375
2020-05-22,1590148770.0,9125.051409722222,9129.601284722223,9120.775104166667,9125.238152777778,5.042558470097222,46037.874954401894
2020-05-23,1590235170.0,9206.662930555554,9209.699659722222,9203.667729166666,9206.504152777778,2.4147767420694444,22198.13544916003
2020-05-24,1590321570.0,9123.529958333334,9127.582534722222,9119.357993055555,9123.222569444444,6.149637245027778,55416.89277243692
2020-05-25,1590407970.0,8819.212625,8824.386999999999,8814.675208333334,8819.142625,6.194391520520833,54510.64576475153
2020-05-26,1590494370.0,8859.35165277778,8863.464756944444,8855.308854166668,8859.394847222222,4.113198081222222,36389.82023132529
2020-05-27,1590580770.0,9026.410555555554,9030.709541666667,9023.137416666666,9026.771423611111,4.769215985659723,43360.601231919456
2020-05-28,1590667170.0,9319.372104166667,9324.4221875,9315.413097222221,9319.706541666666,8.002367288076389,75127.42680184072
2020-05-29,1590753570.0,9454.045472222222,9458.330659722222,9450.176777777779,9454.140111111112,5.0185929860763885,47441.234130333185
2020-05-30,1590839970.0,9506.433027777779,9510.720256944445,9502.869756944445,9506.56307638889,4.709612473784722,44940.910578442585
2020-05-31,1590926370.0,9546.652784722222,9550.521201388889,9543.057395833333,9546.458201388888,3.956943322034722,37725.19982589818
2020-06-01,1591012770.0,9583.2571875,9588.977298611111,9579.187486111112,9583.923534722222,8.409126039333334,82995.97436588352
2020-06-02,1591099170.0,9880.11320138889,9886.342173611112,9873.242465277777,9879.875916666668,15.781332931243055,154614.9776264823
2020-06-03,1591185570.0,9551.143340277778,9554.947104166667,9547.37786111111,9551.343138888888,4.811641131097222,45962.34387881541
2020-06-04,1591271970.0,9699.179479166665,9703.497354166666,9695.036395833333,9699.502652777777,6.207478394930556,60277.651882568956
2020-06-05,1591358370.0,9742.1646875,9746.226722222222,9737.920083333333,9742.399055555556,4.970396497743056,48341.58664209635
2020-06-06,1591444770.0,9635.865618055555,9638.51575,9633.292520833334,9635.952604166667,2.8106036440416666,27052.74630669655
2020-06-07,1591531170.0,9620.847173611111,9624.314416666666,9617.356319444445,9621.038645833334,4.696285825152778,45065.40493730052
2020-06-08,1591617570.0,9725.284402777777,9728.555743055555,9722.432777777778,9725.395034722222,3.735470844777778,36325.716924718225
2020-06-09,1591703970.0,9712.148666666666,9715.591006944445,9708.806958333333,9712.132576388889,4.807498531048611,46707.36657290116
2020-06-10,1591790370.0,9787.554430555556,9790.8469375,9784.486513888889,9787.56211111111,4.935556530104167,48490.869411259955
2020-06-11,1591876770.0,9643.829069444444,9648.6678125,9638.672791666668,9643.824430555554,11.381558717756944,108354.83482411549
2020-06-12,1591963170.0,9410.724722222221,9414.014381944446,9407.5644375,9411.135652777777,4.815371760659722,45320.88823027792
2020-06-13,1592049570.0,9426.5644375,9428.574993055556,9424.531111111111,9426.56842361111,2.0407515421319444,19237.38512827291
2020-06-14,1592135970.0,9404.192298611111,9406.142958333334,9402.098354166666,9404.043270833334,2.4147585823819444,22628.782316027828
2020-06-15,1592222370.0,9244.2083125,9248.859930555556,9239.847993055555,9244.604111111112,8.170217731874999,75071.4400189265
2020-06-16,1592308770.0,9493.46204861111,9496.652215277778,9490.4566875,9493.582555555557,4.766818211381945,45248.880210032956
2020-06-17,1592395170.0,9442.882847222223,9446.048180555556,9439.803256944444,9442.99563888889,4.0988655280833335,38636.93294394943
2020-06-18,1592481570.0,9406.08626388889,9409.100666666667,9403.164222222222,9406.317000000001,2.775703365652778,26082.337177621823
2020-06-19,1592567970.0,9326.430236111111,9329.64192361111,9323.1265625,9326.508611111112,3.6846581382638885,34347.10480190267
2020-06-20,1592654370.0,9301.340180555555,9304.013979166668,9298.575194444444,9301.21429861111,2.133190172423611,19841.700461834735
2020-06-21,1592740770.0,9348.605298611112,9350.734777777778,9346.667347222223,9348.792631944445,0.9966749280625,9316.256651098707
2020-06-22,1592827170.0,9480.650777777777,9483.75445138889,9477.753291666666,9480.890006944444,4.594198200569444,43802.51993343709
2020-06-23,1592913570.0,9638.242916666668,9640.843284722223,9635.45651388889,9638.373875000001,3.3792463232291663,32573.48345813449
2020-06-24,1592999970.0,9441.064729166666,9444.027381944445,9437.377145833334,9441.006923611112,6.9948440402916665,65650.6278469075
2020-06-25,1593086370.0,9231.7184375,9235.120201388889,9227.78245138889,9231.765076388889,6.042532065694445,55567.895901033255
2020-06-26,1593172770.0,9181.246090277777,9184.623875000001,9177.525465277778,9181.329701388888,5.494710940881944,50284.77365585816
2020-06-27,1593259170.0,9107.436125,9110.359493055556,9104.355298611112,9107.38329861111,3.055330572354167,27554.743990383115
2020-06-28,1593345570.0,9055.162354166667,9057.61709722222,9052.870041666667,9055.143972222222,2.2443453339305557,20373.044733301704
2020-06-29,1593431970.0,9115.922277777778,9118.577076388889,9113.37132638889,9115.957173611112,3.4324481458541665,31252.68540643886
2020-06-30,1593518370.0,9150.846055555556,9153.121395833334,9148.549854166666,9150.841347222222,1.9316883689722222,17656.2317459149
2020-07-01,1593604770.0,9191.258756944444,9193.887791666666,9188.671194444443,9191.286458333334,3.0010872169097222,27632.740510781005
2020-07-02,1593691170.0,9166.727722222222,9169.168868055556,9163.903180555555,9166.837222222222,4.768089564944445,43427.49265856483
2020-07-03,1593777570.0,9093.7140625,9095.448381944445,9091.801284722222,9093.8036875,2.4375024570069446,22159.17181823551
2020-07-04,1593863970.0,9091.075104166666,9092.469465277778,9089.769722222223,9091.225430555554,1.5141474804027777,13787.988213674613
2020-07-05,1593950370.0,9063.962472222223,9065.887611111111,9062.040388888889,9064.041930555557,2.130470700361111,19282.692084785693
2020-07-06,1594036770.0,9211.956506944443,9214.589562500001,9210.036972222222,9212.259354166667,3.7231617010347224,34412.49930935383
2020-07-07,1594123170.0,9268.98211111111,9270.879118055554,9267.196180555555,9268.923208333334,3.2658511483819446,30250.86459449715
2020-07-08,1594209570.0,9345.318034722222,9347.606534722223,9342.976625,9345.349208333333,4.358018516375,40746.61943873796
2020-07-09,1594295970.0,9329.4273125,9331.634152777777,9327.1014375,9329.38863888889,3.1773948191041668,29541.002835427535
2020-07-10,1594382370.0,9199.61126388889,9201.584381944444,9197.713625,9199.680666666667,2.71550471525,24953.482936733362
2020-07-11,1594468770.0,9238.646291666666,9240.171354166667,9237.395173611112,9238.831208333333,1.0091426106597223,9316.881665878002
2020-07-12,1594555170.0,9249.315145833334,9250.989145833333,9247.990513888888,9249.4551875,1.4146900211458333,13095.156161645818
2020-07-13,1594641570.0,9277.996986111111,9280.092611111111,9275.986472222223,9277.994569444445,2.6910924934166665,24971.1926377355
2020-07-14,1594727970.0,9219.521243055555,9221.963784722222,9217.374118055555,9219.765375,3.111049031729167,28671.368315175787
2020-07-15,1594814370.0,9221.453527777778,9223.338263888889,9219.566902777779,9221.591930555556,2.6458669521041664,24376.914789307382
2020-07-16,1594900770.0,9131.938916666668,9133.921694444445,9129.792895833332,9132.115034722223,3.8485096484930557,35063.12089966989
2020-07-17,1594987170.0,9134.198409722223,9135.995236111112,9132.57220138889,9134.406263888888,2.4954841177291667,22787.241276569748
2020-07-18,1595073570.0,9161.454875,9162.787694444443,9160.321138888889,9161.559576388889,0.9432536942916667,8644.526386282512
2020-07-19,1595159970.0,9154.543430555555,9155.87509027778,9153.391916666666,9154.556701388889,1.1009716448541667,10081.361454227634
2020-07-20,1595246370.0,9177.301527777778,9178.897055555555,9175.907652777778,9177.472875,2.1283384680624997,19526.20018874566
2020-07-21,1595332770.0,9306.849388888888,9309.283104166667,9304.845395833332,9306.935673611111,3.8607460484375005,36052.272456118735
2020-07-22,1595419170.0,9365.168840277778,9367.095118055557,9363.731090277777,9365.518791666667,3.833862933027778,35999.96944794785
2020-07-23,1595505570.0,9540.434569444444,9543.294951388889,9538.3056875,9540.839645833334,7.231905449604167,69030.13376430329
2020-07-24,1595591970.0,9556.595430555555,9559.296333333334,9554.71875,9557.096451388888,5.564517424680556,53211.59948026577
2020-07-25,1595678370.0,9618.675368055556,9621.715673611112,9616.503861111112,9619.271597222221,3.5176735386527778,33895.8259957516
2020-07-26,1595764770.0,9832.941930555557,9836.749069444444,9829.964798611112,9833.774993055556,6.312648824180556,62616.97477149093
2020-07-27,1595851170.0,10434.002569444445,10443.567298611111,10425.466736111111,10435.320541666666,19.261689037208335,203326.0509068997
2020-07-28,1595937570.0,10984.976840277777,10993.196,10976.604243055555,10985.53867361111,11.848870695333332,129936.22119271467
2020-07-29,1596023970.0,11095.487930555555,11101.296756944444,11089.744111111111,11095.818631944445,8.647821552534722,96250.6470154515
2020-07-30,1596110370.0,11033.189770833333,11037.765395833334,11028.74923611111,11033.469930555555,7.261700033277778,80064.15989723452
2020-07-31,1596196770.0,11195.080243055556,11200.565083333333,11190.745798611111,11196.167243055555,7.234380181645833,81323.68732516641
2020-08-01,1596283170.0,11608.110312499999,11614.8855,11602.824229166667,11609.169701388888,7.7748663356388885,90439.03127030944
2020-08-02,1596369570.0,11332.626409722221,11341.204916666667,11324.160631944445,11333.01045138889,8.789174326,99070.00250387701
2020-08-03,1596455970.0,11253.361013888889,11258.922659722222,11249.211291666667,11254.051993055555,4.850465819666667,54729.673415523604
2020-08-04,1596542370.0,11242.260166666667,11247.98775,11238.319770833334,11243.054555555556,3.8347989705347225,43012.53606232658
2020-08-05,1596628770.0,11463.458444444444,11469.587652777778,11459.197368055557,11464.146944444445,5.218605156465277,60299.047564115455
2020-08-06,1596715170.0,11754.8169375,11759.880631944445,11750.167256944445,11755.257277777779,6.8444405298958335,80463.48273564175
2020-08-07,1596801570.0,11715.782236111112,11721.05392361111,11710.92504861111,11716.165652777778,7.294001213041667,84982.74185684472
2020-08-08,1596887970.0,11683.652333333333,11688.079833333333,11681.001847222222,11684.667708333332,2.7664922823958333,32350.849035626212
2020-08-09,1596974370.0,11671.584715277777,11675.500708333333,11668.89311111111,11672.095874999999,1.8399230392291666,21463.778841509087
2020-08-10,1597060770.0,11898.262694444446,11904.877909722223,11893.211,11898.853326388888,5.348422270236111,63531.09150180678
2020-08-11,1597147170.0,11632.504847222222,11638.713604166667,11625.812979166667,11632.181701388889,7.2713111606666665,84009.66897387391
2020-08-12,1597233570.0,11462.202104166667,11468.112118055555,11457.72292361111,11462.498069444446,3.936529031,45127.33031727481
2020-08-13,1597319970.0,11549.524618055555,11555.393833333334,11545.326097222222,11550.237201388889,4.749688343513889,54781.58625768079
2020-08-14,1597406370.0,11753.926055555556,11758.938847222224,11750.278145833334,11754.652611111112,3.8380531236666666,45093.13826670346
2020-08-15,1597492770.0,11875.963527777778,11880.906409722222,11872.218395833332,11876.602083333333,2.7660943957083335,32847.399509995004
2020-08-16,1597579170.0,11849.552083333334,11853.98773611111,11846.75642361111,11850.412909722221,1.7320625020069444,20505.891126609975
2020-08-17,1597665570.0,12053.59442361111,12060.656583333333,12048.361937500002,12054.456222222223,6.790505950229167,82610.31160698489
2020-08-18,1597751970.0,12163.190472222223,12170.011395833333,12157.746743055555,12163.733284722222,6.1237415563680555,73992.77899335354
2020-08-19,1597838370.0,11796.493673611112,11803.2105625,11790.629569444443,11796.848868055557,6.528820266979167,76878.22790480159
2020-08-20,1597924770.0,11798.241604166667,11802.583402777778,11794.621798611111,11798.065597222223,2.910943000638889,34352.76974148342
2020-08-21,1598011170.0,11743.870805555556,11748.6134375,11739.188555555555,11743.61401388889,4.438319255006944,52018.30553311838
2020-08-22,1598097570.0,11559.148145833333,11563.055430555556,11556.272645833333,11559.229611111112,2.3620985573124997,27266.71988772152
2020-08-23,1598183970.0,11620.483555555556,11623.043333333333,11618.426840277778,11620.499291666667,1.1339381376319446,13178.249986858884
2020-08-24,1598270370.0,11732.972763888889,11736.769881944443,11730.211374999999,11733.053131944445,2.0049014462777777,23547.628926869314
2020-08-25,1598356770.0,11508.378013888889,11513.616555555556,11503.371395833334,11508.065368055557,4.912287323770833,56085.28748419449
2020-08-26,1598443170.0,11401.980666666666,11406.470256944445,11398.500881944445,11402.378034722222,2.9674167840486114,33776.973043891
2020-08-27,1598529570.0,11345.384243055556,11350.685576388889,11340.493048611112,11345.246256944443,5.413997011548611,61430.65402236382
2020-08-28,1598615970.0,11441.282902777779,11446.252069444445,11437.469694444444,11441.411479166667,4.198956572138889,48088.23995683512
2020-08-29,1598702370.0,11506.684673611111,11509.952625,11503.740590277777,11506.731534722223,1.4555111130208334,16751.935599081724
2020-08-30,1598788770.0,11607.771736111112,11611.480145833333,11605.020770833333,11607.9504375,1.6171229297638887,18798.262185136588
2020-08-31,1598875170.0,11683.953375,11688.412256944443,11680.12825,11683.984493055557,3.1487625708402778,36801.92438157655
2020-09-01,1598961570.0,11873.609805555556,11879.205659722222,11869.104006944444,11873.953847222221,5.528348875298611,65754.68888027282
2020-09-02,1599047970.0,11576.834798611111,11582.395708333333,11570.515576388889,11576.611152777778,9.06671727604861,103895.77185218208
2020-09-03,1599134370.0,11039.796791666668,11047.470319444445,11030.951145833333,11038.919131944445,12.885230008354167,138568.65456348358
2020-09-04,1599220770.0,10390.9353125,10398.837583333332,10383.199104166668,10391.216729166666,12.0940000398125,125410.50684408931
2020-09-05,1599307170.0,10269.625972222222,10277.259756944444,10261.224479166667,10269.222493055557,8.448245197944443,86133.56363622683
2020-09-06,1599393570.0,10201.041006944444,10205.957729166666,10196.518652777777,10200.836125,3.5564248641041667,36242.11158481633
2020-09-07,1599479970.0,10159.775618055555,10164.910861111111,10154.991291666667,10159.7919375,6.059091694180555,61243.54008510686
2020-09-08,1599566370.0,10147.771652777777,10153.518875,10141.727784722221,10147.690576388888,7.333940767826388,74071.97362300179
2020-09-09,1599652770.0,10187.415854166667,10191.54817361111,10183.670055555556,10187.306715277778,4.077930216944444,41581.177380822686
2020-09-10,1599739170.0,10338.741993055555,10343.527506944443,10334.286284722222,10338.743145833334,7.099438317881945,73418.15770341308
2020-09-11,1599825570.0,10302.330791666667,10305.97004861111,10299.215618055556,10302.368208333333,3.6428766978194442,37520.80078052462
2020-09-12,1599911970.0,10372.64161111111,10375.322270833334,10370.276430555556,10372.455729166666,1.742527662625,18071.30732248301
2020-09-13,1599998370.0,10395.367180555555,10398.468298611111,10392.268819444444,10395.101902777778,3.003545531375,31084.00107062099
2020-09-14,1600084770.0,10510.212458333333,10514.589263888889,10506.716819444446,10510.243944444444,5.0869669835625,53653.49227119095
2020-09-15,1600171170.0,10773.036395833333,10777.248333333333,10768.977097222221,10773.025222222223,4.483793717131944,48411.76555994537
2020-09-16,1600257570.0,10894.142402777778,10898.715270833334,10889.999597222222,10894.236972222223,5.764055438902778,63052.868687119604
2020-09-17,1600343970.0,10891.979347222223,10895.85038888889,10888.520965277778,10892.115548611111,3.837303756888889,41712.31328607513
2020-09-18,1600430370.0,10924.6730625,10927.898243055555,10921.697645833334,10924.657159722223,3.054808606159722,33360.368870956656
2020-09-19,1600516770.0,11011.206944444444,11013.65920138889,11009.112819444445,11011.146409722222,1.5648274568680556,17278.534879687246
2020-09-20,1600603170.0,10915.535111111112,10918.583569444445,10912.647368055555,10915.349555555555,2.2569565942847225,24608.235873241443
2020-09-21,1600689570.0,10677.075694444444,10681.288229166666,10672.113138888888,10676.341930555556,6.908348090645834,73022.04539552711
2020-09-22,1600775970.0,10467.522993055554,10470.768138888889,10464.34711111111,10467.646798611111,3.3337489944166667,34890.89057825879
2020-09-23,1600862370.0,10432.221715277778,10435.413791666666,10428.862506944444,10431.976840277777,3.9662226819930555,41161.762931280595
2020-09-24,1600948770.0,10442.340236111111,10445.794638888889,10439.431333333332,10442.766222222222,4.655499178097222,48915.20376698509
2020-09-25,1601035170.0,10670.777451388889,10673.99245138889,10667.69245138889,10670.723534722223,4.407447078854166,46989.36347270154
2020-09-26,1601121570.0,10715.77242361111,10717.930895833333,10713.92998611111,10715.87967361111,1.7710529885208335,18990.92935338495
2020-09-27,1601207970.0,10716.797743055555,10718.851541666667,10714.93857638889,10716.860930555556,1.5880983505069446,17012.169609404726
2020-09-28,1601294370.0,10878.318715277777,10880.890569444444,10875.699506944444,10878.123041666666,3.4663684911458335,37676.830814903704
2020-09-29,1601380770.0,10728.736833333332,10731.455930555556,10726.300444444445,10728.956305555555,2.7981887016875,30028.533046215456
2020-09-30,1601467170.0,10740.743020833334,10743.431854166665,10738.165472222221,10740.813090277778,2.989321315902778,32116.00479295082
2020-10-01,1601553570.0,10755.669381944444,10759.088868055556,10752.180034722222,10755.591034722222,6.026630057583334,64423.92263541792
2020-10-02,1601639970.0,10528.122819444445,10531.826569444444,10524.597631944443,10528.389618055557,5.787123975256945,60853.36394160768
2020-10-03,1601726370.0,10549.083902777778,10551.061277777779,10547.478666666666,10549.217312499999,0.7880539987083334,8316.373618549234
2020-10-04,1601812770.0,10604.559201388889,10606.208388888888,10603.177173611111,10604.527361111112,0.7345661830208333,7803.655042427228
2020-10-05,1601899170.0,10704.455333333333,10706.996916666667,10702.492444444444,10704.48642361111,2.512510619472222,26912.850813318386
2020-10-06,1601985570.0,10699.24951388889,10702.283729166667,10696.525506944445,10699.332805555556,3.3338160668958334,35487.79318109271
2020-10-07,1602071970.0,10620.4374375,10623.068118055555,10618.110173611112,10620.573923611111,3.861284121958333,41019.06890157309
2020-10-08,1602158370.0,10733.101930555555,10736.35198611111,10730.641236111112,10733.301645833333,4.839611702229167,52156.45328813878
2020-10-09,1602244770.0,10981.327722222222,10984.423972222223,10979.056875,10981.633083333334,3.718985828923611,40955.8549063971
2020-10-10,1602331170.0,11335.793548611111,11339.305506944444,11333.106083333334,11336.102111111111,2.2710904654930553,25768.742409697934
2020-10-11,1602417570.0,11359.464458333334,11361.863805555557,11357.573069444445,11359.57584027778,1.5122575404027776,17193.442414820278
2020-10-12,1602503970.0,11445.950013888889,11449.609888888888,11443.111180555556,11446.251222222221,4.922380406444445,56435.81556444735
2020-10-13,1602590370.0,11450.20286111111,11453.288319444444,11447.1241875,11450.168541666666,3.540250572451389,40477.652763258004
2020-10-14,1602676770.0,11405.257361111111,11408.348625,11402.653972222222,11405.470069444445,2.6307296939097222,30009.325910240474
2020-10-15,1602763170.0,11414.0229375,11417.311229166666,11411.163152777777,11414.116847222222,3.3780760806666668,38554.39513742177
2020-10-16,1602849570.0,11364.696506944445,11367.867361111112,11361.343138888888,11364.588569444444,2.9925170039305558,33926.751080800925
2020-10-17,1602935970.0,11343.337840277778,11345.639284722223,11341.379277777778,11343.437298611112,0.78084736025,8855.818269382842
2020-10-18,1603022370.0,11429.866222222221,11431.42467361111,11428.7633125,11430.133020833335,0.7272004800833334,8325.976650026812
2020-10-19,1603108770.0,11581.2709375,11584.596,11578.754611111111,11581.755256944445,3.7916208253194448,44212.59952290618
2020-10-20,1603195170.0,11844.368326388889,11848.409569444446,11840.566986111111,11844.575937500002,4.069331475256944,48343.55593843311
2020-10-21,1603281570.0,12457.75425,12465.675118055557,12450.206624999999,12458.457055555557,13.953899210368055,175612.77806460552
2020-10-22,1603367970.0,12932.195,12938.55695138889,12926.046555555555,12932.320506944445,6.442751517854166,83526.08772705849
2020-10-23,1603454370.0,12933.03367361111,12937.152458333332,12928.923722222222,12933.029854166665,3.469720777611111,44812.975297751575
2020-10-24,1603540770.0,13028.947902777778,13032.200722222222,13025.841937500001,13029.174777777778,1.9589050925277778,25565.075607153572
2020-10-25,1603627170.0,13055.329104166667,13059.102736111112,13051.613770833332,13055.257715277778,2.540696394965278,33236.453580087924
2020-10-26,1603713570.0,13066.803576388887,13071.5293125,13062.404256944445,13066.995694444446,3.9758303608055554,51938.43799019875
2020-10-27,1603799970.0,13362.008034722223,13367.909486111112,13356.652229166668,13362.832534722223,7.807468408152777,104987.93142561198
2020-10-28,1603886370.0,13444.917916666667,13452.05025,13436.55376388889,13444.672013888889,7.410322651520834,99104.81859277896
2020-10-29,1603972770.0,13330.628451388888,13336.669416666668,13323.487201388889,13330.439118055554,6.177053434034723,82289.4140265041
2020-10-30,1604059170.0,13435.906256944445,13442.496902777777,13428.593770833335,13435.718972222223,6.236888791958333,83619.51317037825
2020-10-31,1604145570.0,13737.326506944446,13743.186951388889,13731.98173611111,13737.8871875,4.4009673108888885,60590.79070933599
2020-11-01,1604231970.0,13767.633527777778,13771.736625,13763.822256944444,13767.554791666666,1.7597818159513887,24218.020926800855
2020-11-02,1604318370.0,13597.263319444444,13602.856062500001,13591.168888888888,13596.97925,4.906535492590278,66460.85324414753
2020-11-03,1604404770.0,13611.968555555555,13618.474659722224,13605.75515277778,13612.48276388889,5.017962747319444,68418.16389011117
2020-11-04,1604491170.0,13898.933493055556,13906.91503472222,13891.109368055555,13899.115951388889,7.587726948222222,105534.61229694865
2020-11-05,1604577570.0,14729.146083333333,14739.704902777778,14718.765402777777,14730.297819444444,12.793494347534724,191175.8296573772
2020-11-06,1604663970.0,15582.922875,15593.955152777778,15571.51828472222,15583.427131944445,9.360741019243056,145771.55672877337
2020-11-07,1604750370.0,15345.737569444445,15354.471965277777,15336.19579861111,15345.260354166667,7.593002911013889,114506.86546586703
2020-11-08,1604836770.0,15199.552020833333,15205.85548611111,15193.332465277777,15199.622131944445,3.5045133082986113,53465.98607628412
2020-11-09,1604923170.0,15382.240694444445,15391.79459722222,15371.673090277778,15382.007395833332,10.045888567305555,154347.82635905367
2020-11-10,1605009570.0,15326.806166666665,15333.378395833333,15320.133625,15326.619756944445,6.226723412451388,95424.72789150012
2020-11-11,1605095970.0,15593.275208333334,15600.20323611111,15586.320527777776,15593.253090277778,6.953655744354167,108834.77972357611
2020-11-12,1605182370.0,15927.907486111111,15937.402965277777,15918.538381944443,15928.370555555557,11.292688325444445,180006.06567816765
2020-11-13,1605268770.0,16290.89832638889,16297.991694444443,16283.589618055556,16291.471736111112,5.446683483215278,88678.65794118469
2020-11-14,1605355170.0,16030.206305555554,16035.968250000002,16023.78473611111,16030.031291666666,3.5043935451249997,56014.60934694317
2020-11-15,1605441570.0,15996.551576388889,16001.58967361111,15991.491798611112,15996.744097222223,2.2400731459444443,35796.806157316925
2020-11-16,1605527970.0,16371.935756944444,16379.259708333333,16364.523826388888,16372.392729166668,5.216468639090278,85604.54788424277
2020-11-17,1605614370.0,17082.878,17092.52736111111,17073.579895833333,17083.64423611111,6.822735089979167,117769.22776486372
2020-11-18,1605700770.0,17885.165187500003,17901.161263888887,17867.873631944447,17885.349777777777,10.91522272270139,195135.44852542083
2020-11-19,1605787170.0,17843.321631944444,17854.343069444443,17831.92529861111,17843.966,7.2963169876041665,129838.2397378439
2020-11-20,1605873570.0,18336.268215277778,18347.060979166665,18325.108375,18336.945409722222,6.958342717541667,127833.2823290777
2020-11-21,1605959970.0,18711.40439583333,18720.903756944444,18701.215256944444,18712.128493055556,4.123267613229166,77160.07515705252
2020-11-22,1606046370.0,18431.99963888889,18443.227625,18420.851666666666,18431.881756944444,4.456401192597222,81517.60244816777
2020-11-23,1606090651.6666667,18419.0875,18437.037777777776,18399.09888888889,18414.87138888889,9.369271209166666,172283.0605346124
2020-12-20,1608479760.0,23660.906266804548,23675.64380558428,23645.453940020685,23661.3019131334,3.706050177197518,87760.20772913679
2020-12-21,1608551970.0,23260.816819444444,23279.318541666667,23239.008868055556,23260.266847222225,8.802172235229166,202708.96930653942
2020-12-22,1608638370.0,23097.230354166666,23114.079763888887,23080.527923611113,23097.916520833332,6.505284363465278,150562.12154802567
2020-12-23,1608724770.0,23530.565472222224,23550.341694444443,23510.528354166665,23530.751131944446,8.015256507868056,188264.68106644865
2020-12-24,1608811170.0,23217.6853125,23234.80382638889,23202.666743055554,23218.05210416667,4.989918093701389,115794.20785600628
2020-12-25,1608897570.0,24015.9885,24030.77967361111,24000.618222222223,24016.314722222225,4.492520119840278,108407.61209773124
2020-12-26,1608983970.0,25266.030256944443,25282.406006944442,25250.05565972222,25267.461569444444,5.202404059902777,133280.14519245428
2020-12-27,1609070370.0,27045.516159722225,27071.94821527778,27016.12525,27046.21292361111,9.190509811763889,248901.0096415296
2020-12-28,1609156770.0,26963.081993055555,26984.362923611112,26942.87990972222,26965.146805555556,5.5470677851319445,149571.37591218945
2020-12-29,1609243170.0,26671.013020833332,26689.382486111113,26651.523930555555,26670.904930555556,6.650887702597222,177284.7990303606
2020-12-30,1609329570.0,28141.217201388892,28164.193854166664,28117.585881944447,28142.40578472222,8.153981514722222,229794.52104193426
2020-12-31,1609415970.0,28881.559416666667,28903.074500000002,28857.993638888893,28882.01065277778,6.581719873701388,189675.34530921388
